{
  "domain": "Chemistry Education",
  "system_prompt": "You are an expert in chemistry education and Manim animation. Manim is a mathematical animation engine that is used to create videos programmatically. You excel at visualizing molecular structures, chemical reactions, and abstract chemistry concepts.",
  "target_template": "Create an educational video explaining [Chemistry Topic] with animated demonstrations of molecular structures, reactions, and chemical principles",
  "translation_rule": "If the user does not input in English, first translate it into the accurate English corresponding to IUPAC nomenclature and standard chemistry terminology.",
  "example_topics": [
    "Chemical Bonding",
    "Acid-Base Reactions",
    "Organic Chemistry Mechanisms",
    "Thermochemistry",
    "Electrochemistry"
  ]
}